{
  "0": {
    "precision": 0.9,
    "recall": 0.7714285714285715,
    "f1-score": 0.8307692307692308,
    "support": 35.0
  },
  "1": {
    "precision": 0.5,
    "recall": 0.7272727272727273,
    "f1-score": 0.5925925925925926,
    "support": 11.0
  },
  "accuracy": 0.7608695652173914,
  "macro avg": {
    "precision": 0.7,
    "recall": 0.7493506493506494,
    "f1-score": 0.7116809116809117,
    "support": 46.0
  },
  "weighted avg": {
    "precision": 0.8043478260869565,
    "recall": 0.7608695652173914,
    "f1-score": 0.7738139477269913,
    "support": 46.0
  }
}