{
  "num_events": {
    "mean": 1267.6991150442477,
    "std": 1408.355459455102,
    "min": 6.0,
    "max": 9632.0
  },
  "num_sessions": {
    "mean": 21.261061946902654,
    "std": 108.41007737793326,
    "min": 1.0,
    "max": 1629.0
  },
  "num_songs": {
    "mean": 1009.3274336283185,
    "std": 1104.563169100319,
    "min": 0.0,
    "max": 8002.0
  },
  "num_ads": {
    "mean": 17.402654867256636,
    "std": 21.533679915382127,
    "min": 0.0,
    "max": 128.0
  },
  "thumbs_up": {
    "mean": 55.5353982300885,
    "std": 65.43754331215068,
    "min": 0.0,
    "max": 437.0
  },
  "thumbs_down": {
    "mean": 11.265486725663717,
    "std": 13.070079621700886,
    "min": 0.0,
    "max": 75.0
  },
  "help_events": {
    "mean": 7.6371681415929205,
    "std": 19.08440291472601,
    "min": 0.0,
    "max": 272.0
  },
  "error_events": {
    "mean": 1.1415929203539823,
    "std": 1.5047613713345938,
    "min": 0.0,
    "max": 7.0
  },
  "downgrade_events": {
    "mean": 9.0929203539823,
    "std": 11.72405858292471,
    "min": 0.0,
    "max": 73.0
  },
  "distinct_artists": {
    "mean": 693.2964601769911,
    "std": 604.3860324041182,
    "min": 0.0,
    "max": 3544.0
  },
  "distinct_songs": {
    "mean": 893.8185840707964,
    "std": 896.3850054820738,
    "min": 0.0,
    "max": 5946.0
  },
  "is_paid": {
    "mean": 0.7345132743362832,
    "std": 0.44257226131974825,
    "min": 0.0,
    "max": 1.0
  },
  "days_on_platform": {
    "mean": 79.36444444444444,
    "std": 37.646624988382065,
    "min": 0.0,
    "max": 256.0
  },
  "activity_span_days": {
    "mean": 41.19911504424779,
    "std": 18.96734501692713,
    "min": 0.0,
    "max": 60.0
  },
  "songs_per_session": {
    "mean": 68.69701061173593,
    "std": 42.47553038062994,
    "min": 0.0,
    "max": 286.6666666666667
  },
  "ads_per_session": {
    "mean": 1.6386305147447755,
    "std": 1.7873659469899486,
    "min": 0.0,
    "max": 14.0
  },
  "thumbs_up_ratio": {
    "mean": 0.7606566745306956,
    "std": 0.1664831200465159,
    "min": 0.0,
    "max": 0.935483870967742
  }
}