num_events,num_sessions,num_songs,num_ads,thumbs_up,thumbs_down,help_events,error_events,downgrade_events,distinct_artists,distinct_songs,is_paid,days_on_platform,activity_span_days,songs_per_session,ads_per_session,thumbs_up_ratio,true,pred
317,6,237,17,14,7,1,1,0,214,228,0,38.0,29,39.5,2.833333333333333,0.6363636363636364,0,1
639,10,495,10,28,17,3,0,6,427,474,1,56.0,47,49.5,1.0,0.6086956521739131,0,1
1682,20,1409,14,81,12,9,2,8,982,1259,1,31.0,31,70.45,0.7,0.8617021276595744,0,1
240,3,186,13,11,1,1,0,0,173,184,0,46.0,14,62.0,4.333333333333333,0.8461538461538461,0,1
1002,6,820,8,58,3,9,3,12,643,759,1,23.0,25,136.66666666666666,1.3333333333333333,0.935483870967742,0,1
329,4,264,6,14,4,1,1,3,248,258,1,52.0,30,66.0,1.5,0.7368421052631579,0,1
6,1,3,1,0,0,0,0,0,3,3,0,0.0,0,3.0,1.0,0.0,0,1
35,1,27,2,2,0,1,0,0,26,27,0,99.0,0,27.0,2.0,0.6666666666666666,0,1
